[{"guildId":"744586833135927366","data":{"trackBots":false,"trackAllChannels":true,"exemptChannels":"() => false","channelIds":[],"exemptPermissions":[],"exemptMembers":"() => false","trackMute":true,"trackDeaf":true,"minUserCountToParticipate":0,"maxUserCountToParticipate":0,"minXpToParticipate":0,"minLevelToParticipate":0,"maxXpToParticipate":0,"maxLevelToParticipate":0,"xpAmountToAdd":"() => Math.floor(Math.random() * 10) + 1","voiceTimeToAdd":"() => 1000","voiceTimeTrackingEnabled":true,"levelingTrackingEnabled":true,"levelMultiplier":"() => 0.1"}}]